raw_title,dataset_split
20190830_HF_ZHW_hela_SILAC_DDIA_500_550_2Da_Rep1,label_dev_train
20190830_HF_ZHW_hela_SILAC_DDIA_550_600_2Da_Rep1,label_dev_train
20190830_HF_ZHW_hela_SILAC_DDIA_600_650_2Da_Rep1,label_dev_train
20190830_HF_ZHW_hela_SILAC_DDIA_500_550_2Da_Rep2,label_dev_train
20190830_HF_ZHW_hela_SILAC_DDIA_550_600_2Da_Rep2,label_dev_train
20190830_HF_ZHW_hela_SILAC_DDIA_600_650_2Da_Rep2,label_dev_train
20190830_HF_ZHW_hela_SILAC_DDIA_500_550_2Da_Rep3,label_dev_train
20190830_HF_ZHW_hela_SILAC_DDIA_550_600_2Da_Rep3,label_dev_train
20190830_HF_ZHW_hela_SILAC_DDIA_600_650_2Da_Rep3,label_dev_train
